No,StateCode,State,Sample_Size,RSMR,exp_mortality,obs_mortality,RelativeRisk,Lower_Bound,Upper_Bound,P_value,Year
1,VA,Virginia,1779,25.95454193,28.96033713,23.88982575,1.0984,0.9444,1.2774,0.2158,2004
2,SD,South Dakota,141,26.02927292,32.98554231,22.69503546,0.8672,0.729,1.0315,0.1045,2004
3,MI,Michigan,1292,26.10263164,27.14586212,22.36842105,1.1694,1.0877,1.2572,<.0001,2004
4,IA,Iowa,338,26.99389428,24.05901672,19.52662722,0.79,0.6646,0.9389,0.0089,2004
5,CO,Colorado,749,27.1454594,29.76596549,25.36715621,1.1833,1.0182,1.3752,0.0292,2004
6,MN,Minnesota,581,27.24831598,29.72969646,25.30120482,0.9005,0.8362,0.9698,0.0069,2004
7,OH,Ohio,2549,27.26843549,28.41864375,24.83326795,1.1786,1.0567,1.3145,0.0042,2004
8,NE,Nebraska,168,27.40329198,25.2309229,19.64285714,1.032,0.782,1.3619,0.8192,2004
9,UT,Utah,259,27.87839035,29.20117522,24.71042471,0.8105,0.6394,1.0275,0.0808,2004
10,IN,Indiana,1297,28.11635223,29.7134827,26.6769468,0.918,0.8356,1.0084,0.0729,2004
11,WI,Wisconsin,590,28.31724417,28.62863734,25.59322034,0.8408,0.7334,0.964,0.0144,2004
12,AZ,Arizona,708,28.64694597,30.42177084,27.68361582,1.1582,0.9448,1.4199,0.1523,2004
13,FL,Florida,5376,29.21057171,30.38396908,28.62723214,1.1418,0.981,1.3288,0.0848,2004
14,WA,Washington,925,29.47578484,31.57104952,29.83783784,1.1881,1.0605,1.331,0.004,2004
15,IL,Illinois,2833,29.50455068,31.51441929,29.96823156,0.9757,0.8762,1.0864,0.6449,2004
16,TX,Texas,4893,30.04204441,31.04460246,30.10423053,0.7492,0.6499,0.8636,0.0002,2004
17,VT,Vermont,205,30.15598149,29.59040859,28.29268293,0.8058,0.669,0.9707,0.0243,2004
18,MD,Maryland,2231,30.54660934,29.64030226,29.22456298,1.1369,0.9842,1.3133,0.0796,2004
19,NH,New Hampshire,193,30.81520527,29.24412046,29.01554404,1.2557,1.1345,1.3898,<.0001,2004
20,HI,Hawaii,170,31.45633381,31.98837628,32.94117647,0.8242,0.6175,1.1,0.1828,2004
21,RI,Rhode Island,121,32.601091,27.45574965,30.5785124,0.992,0.758,1.2982,0.9519,2004
22,AR,Arkansas,939,32.72842277,26.57084197,28.32800852,1.183,1.0726,1.3047,0.0013,2004
23,NV,Nevada,510,32.81990325,32.03386964,34.50980392,1.126,0.9285,1.3656,0.22,2004
24,MO,Missouri,1007,33.21588969,29.61316882,32.0754717,1.4971,1.3951,1.6065,<.0001,2004
25,CA,California,5545,33.465677,32.24929323,34.93237151,0.8026,0.7233,0.8906,0.0001,2004
26,KY,Kentucky,870,33.50962129,27.70098572,30.34482759,1.2215,0.9996,1.4927,0.0504,2004
27,KS,Kansas,437,33.59851187,27.94692607,31.12128147,1.0897,0.808,1.4696,0.5638,2004
28,NJ,New Jersey,2370,33.83343031,32.50618371,35.69620253,1.2723,1.0657,1.5189,0.0091,2004
29,CT,Connecticut,907,33.85739631,30.44724403,33.73759647,0.738,0.5514,0.9877,0.0415,2004
30,GA,Georgia,1968,34.02486944,27.46575988,30.38617886,1.2455,1.1242,1.3798,0.0001,2004
31,MA,Massachusetts,1738,34.0591711,29.38598137,32.56616801,0.9472,0.8782,1.0215,0.1537,2004
32,WV,West Virginia,264,34.09764666,27.22443105,31.43939394,0.8387,0.6549,1.074,0.1578,2004
33,OR,Oregon,438,34.7541031,27.31270118,31.73515982,0.7416,0.6572,0.8369,<.0001,2004
34,TN,Tennessee,2158,35.01134579,29.45096338,33.54958295,0.9542,0.7322,1.2436,0.7218,2004
35,NC,North Carolina,2260,35.31390116,27.44677083,31.54867257,0.9146,0.7861,1.0642,0.2399,2004
36,SC,South Carolina,612,35.99010589,24.22292954,29.08496732,0.8603,0.7147,1.0356,0.1085,2004
37,NY,New York,5309,37.86305124,32.46912452,39.89451874,1.1777,0.9272,1.4959,0.174,2004
1,CO,Colorado,870,22.93349616,30.52965657,22.4137931,1.295,1.1034,1.5198,0.0023,2005
2,OH,Ohio,3374,23.81506733,27.36573441,21.54712507,0.7811,0.6876,0.8873,0.0004,2005
3,WI,Wisconsin,937,25.75181579,27.6204347,23.26574173,1.109,1.0411,1.1813,0.0021,2005
4,MD,Maryland,3098,26.12138857,29.46063382,25.53260168,0.6142,0.5164,0.7306,<.0001,2005
5,AZ,Arizona,1586,26.15733033,30.65274608,26.48171501,0.8072,0.6899,0.9443,0.0089,2005
6,MN,Minnesota,632,26.31127527,29.34186154,25.15822785,0.8035,0.747,0.8643,<.0001,2005
7,FL,Florida,5929,26.55858542,31.2764805,27.64378479,1.1495,1.0434,1.2663,0.006,2005
8,CT,Connecticut,991,26.65658899,30.14323053,26.43794147,1.2445,0.9031,1.7151,0.1751,2005
9,MI,Michigan,1774,26.93086579,26.60905149,23.73167982,0.9798,0.8033,1.1952,0.8365,2005
10,IN,Indiana,1489,27.28085306,28.99804295,26.19207522,0.8462,0.7717,0.9279,0.0008,2005
11,IL,Illinois,3113,27.34827725,32.53296012,29.58560874,0.8418,0.7371,0.9615,0.0126,2005
12,TX,Texas,6210,27.49108638,30.71005234,28.11594203,1.1961,0.917,1.5602,0.1802,2005
13,OR,Oregon,489,27.68075672,28.62085058,25.97137014,1.0979,0.9554,1.2617,0.1815,2005
14,NV,Nevada,265,28.08306784,33.506129,30.56603774,1.4236,1.2778,1.5859,<.0001,2005
15,UT,Utah,243,28.37464152,27.19416656,25.10288066,0.7793,0.7064,0.8597,<.0001,2005
16,RI,Rhode Island,143,28.85979058,30.61745981,28.67132867,0.8355,0.7383,0.9455,0.0056,2005
17,SD,South Dakota,16,29.48057046,21.54995551,18.75,0.8,0.6635,0.9646,0.0208,2005
18,IA,Iowa,554,29.57185134,22.93828168,22.5631769,1.0443,0.9323,1.1696,0.4437,2005
19,WV,West Virginia,992,30.13181936,29.27393414,29.43548387,1.1177,1.0136,1.2324,0.0268,2005
20,VT,Vermont,200,30.2507316,31.57477055,32,1.6377,1.1399,2.3531,0.009,2005
21,MO,Missouri,1921,30.66865628,31.00599041,31.75429464,1.2477,0.9985,1.5591,0.0515,2005
22,TN,Tennessee,2640,30.81363252,29.01299416,29.84848485,1.1298,1.0333,1.2353,0.0087,2005
23,WA,Washington,728,31.44175508,28.6276981,30.21978022,0.8786,0.6787,1.1374,0.3161,2005
24,KY,Kentucky,1144,31.63701043,28.78103038,30.50699301,1.3937,1.3057,1.4877,<.0001,2005
25,CA,California,8705,31.66483194,30.0777923,31.7863297,0.682,0.6192,0.7513,<.0001,2005
26,NC,North Carolina,2727,31.97484405,27.03079317,28.89622296,1.4198,1.2112,1.6642,<.0001,2005
27,NJ,New Jersey,3120,31.9866565,32.38411427,34.61538462,0.8762,0.7146,1.0743,0.1969,2005
28,GA,Georgia,2666,32.34448739,29.92463516,32.37059265,0.934,0.6833,1.2766,0.6602,2005
29,KS,Kansas,239,33.1857962,26.83828703,30.9623431,1.2761,1.1098,1.4672,0.0011,2005
30,NH,New Hampshire,362,33.71425254,30.28757531,35.08287293,0.977,0.6195,1.5407,0.918,2005
31,HI,Hawaii,141,33.91458028,24.66122415,30.4964539,1.049,0.9511,1.1568,0.3286,2005
32,SC,South Carolina,1073,34.34158095,29.52831541,34.20316869,0.8525,0.7935,0.9159,<.0001,2005
33,AR,Arkansas,783,34.5557287,29.65985591,34.73818646,0.9122,0.6969,1.194,0.4932,2005
34,NY,New York,7012,35.48070283,31.8317741,37.74957216,1.0171,0.7682,1.3465,0.9033,2005
35,MA,Massachusetts,1971,36.05960564,29.95402363,36.3267377,1.0897,0.9174,1.2944,0.318,2005
36,OK,Oklahoma,852,36.49722942,25.94838607,32.27699531,0.7741,0.6575,0.9113,0.003,2005
37,NE,Nebraska,70,38.70553233,30.68753639,51.42857143,1.0088,0.8684,1.172,0.9058,2005
1,AZ,Arizona,1680,19.60788124,26.84798733,19.3452381,1.2649,1.0758,1.4873,0.0056,2006
2,WA,Washington,2094,20.9469004,26.13293603,20.34383954,0.6106,0.5349,0.697,<.0001,2006
3,OH,Ohio,4234,21.55979974,24.89221386,20.12281531,1.1,1.0391,1.1645,0.0017,2006
4,MD,Maryland,4065,22.54109039,26.44638879,22.38622386,0.9332,0.7968,1.093,0.3813,2006
5,MN,Minnesota,942,22.67294429,23.36362954,19.53290871,0.9095,0.8027,1.0304,0.1319,2006
6,WI,Wisconsin,1519,22.79416817,23.97316538,20.34233048,0.8725,0.8189,0.9296,0.0001,2006
7,UT,Utah,580,23.2523728,29.88863188,25.51724138,1.0638,0.9769,1.1585,0.1496,2006
8,MI,Michigan,2087,23.32362128,23.22471118,20.26832774,1.14,0.9176,1.4162,0.2289,2006
9,IL,Illinois,3560,23.96426446,27.25114767,24.57865169,0.8839,0.7417,1.0535,0.1626,2006
10,TN,Tennessee,3014,24.32947522,24.89649209,22.79362973,0.8463,0.7743,0.9251,0.0005,2006
11,OR,Oregon,809,24.35106068,23.71379577,21.50803461,1.1046,0.9755,1.2508,0.1134,2006
12,IA,Iowa,807,24.48278568,23.21840212,21.18959108,1.1391,0.9014,1.4397,0.2668,2006
13,FL,Florida,8564,24.50611752,26.76517133,24.7431107,0.9685,0.8528,1.0999,0.6129,2006
14,VT,Vermont,218,24.95686676,29.19749401,26.60550459,1.2388,1.0937,1.4031,0.0013,2006
15,CT,Connecticut,1635,25.11705819,28.22308701,26.66666667,0.7519,0.6875,0.8223,<.0001,2006
16,CO,Colorado,987,25.46584802,26.46876228,25.32928065,0.8052,0.7121,0.9103,0.001,2006
17,KY,Kentucky,1548,25.97130095,25.59185317,25.06459948,0.7835,0.6621,0.9272,0.0057,2006
18,NE,Nebraska,205,26.28021356,29.12455091,28.78048781,1.1668,1.0478,1.2993,0.0062,2006
19,NV,Nevada,1174,26.58730425,31.03374993,31.17546848,1.1837,1.0859,1.2902,0.0003,2006
20,TX,Texas,6429,26.65564095,26.32459818,26.50489967,0.9859,0.7433,1.3075,0.9192,2006
21,GA,Georgia,3925,27.47290967,24.47783522,25.42675159,1.3737,1.0754,1.7548,0.0124,2006
22,VA,Virginia,2810,27.63809616,26.75105059,27.97153025,1.1761,1.079,1.2819,0.0005,2006
23,CA,California,10415,27.85156811,28.78259083,30.29284686,1.0085,0.8734,1.1645,0.9056,2006
24,IN,Indiana,1701,28.04203843,24.10107311,25.63198119,1.4212,1.3398,1.5075,<.0001,2006
25,SD,South Dakota,46,28.21847421,17.21736412,21.73913044,0.7131,0.6528,0.7789,<.0001,2006
26,HI,Hawaii,408,28.32412695,29.92417139,32.59803922,1.232,1.1009,1.3787,0.0006,2006
27,KS,Kansas,369,28.64260936,22.70157584,25.20325203,0.8752,0.7349,1.0424,0.1309,2006
28,MO,Missouri,2214,28.87547793,25.8098867,28.27461608,1.3461,1.0442,1.7352,0.023,2006
29,NJ,New Jersey,3503,29.02824583,27.02903102,29.7173851,1.2174,1.08,1.3723,0.002,2006
30,NC,North Carolina,3574,29.3343466,24.31853828,27.02853945,1.089,0.7283,1.6285,0.6701,2006
31,SC,South Carolina,1687,29.78883767,24.36305584,27.62299941,0.8722,0.7913,0.9613,0.0072,2006
32,MA,Massachusetts,1515,29.80986115,26.85673223,30.49504951,1.0118,0.9444,1.084,0.7319,2006
33,OK,Oklahoma,1996,29.81894739,24.87610483,28.20641283,0.7931,0.6534,0.9627,0.0203,2006
34,AR,Arkansas,841,30.56999507,23.34777232,27.46730083,1.0766,0.9785,1.1846,0.1258,2006
35,RI,Rhode Island,271,31.33579204,24.4966316,30.99630996,0.8966,0.6793,1.1834,0.4308,2006
36,NY,New York,8663,31.94119648,27.77430896,33.57959137,0.685,0.6088,0.7707,<.0001,2006
37,NH,New Hampshire,285,31.94548132,24.48559386,31.57894737,0.7821,0.6814,0.8977,0.0009,2006
38,WV,West Virginia,412,35.03719839,21.43168053,30.33980583,1.5623,1.263,1.9325,0.0001,2006
1,UT,Utah,372,18.92239371,24.22876095,16.66666667,1.1283,0.9557,1.3322,0.1494,2007
2,AZ,Arizona,2221,19.24339041,25.50063408,19.81089599,0.6853,0.6103,0.7695,<.0001,2007
3,MN,Minnesota,1559,19.55225025,23.47482436,18.40923669,1.1405,1.0807,1.2035,<.0001,2007
4,OH,Ohio,5407,19.80542147,22.90503624,18.51303865,0.7876,0.6907,0.8982,0.0007,2007
5,MI,Michigan,3185,20.29020452,22.18724927,18.30455259,1.0576,0.9318,1.2004,0.3762,2007
6,CO,Colorado,1719,21.08410433,23.63235258,20.18615474,0.8266,0.7754,0.8812,<.0001,2007
7,WI,Wisconsin,1544,21.33268383,22.49739875,19.43005181,1.0256,0.9365,1.1231,0.5774,2007
8,OK,Oklahoma,1516,21.7147344,22.16690879,19.52506596,1.3932,1.1092,1.7499,0.0055,2007
9,MD,Maryland,4046,21.74016461,24.26416142,21.57686604,0.9886,0.8403,1.1632,0.8876,2007
10,FL,Florida,9721,21.79179916,24.06647111,21.5101327,0.9516,0.8844,1.0239,0.1783,2007
11,KY,Kentucky,2504,22.77416522,22.62233066,21.08626198,1.0694,0.9615,1.1895,0.2093,2007
12,KS,Kansas,481,23.02490995,22.15242204,20.58212058,0.9164,0.7388,1.1368,0.4176,2007
13,VA,Virginia,2902,23.4696067,24.62661355,23.70778773,0.9031,0.8113,1.0053,0.0617,2007
14,SD,South Dakota,31,23.49018802,13.24563388,9.677419355,1.3475,1.2161,1.4932,<.0001,2007
15,TX,Texas,8398,23.52131455,25.04891569,24.1962372,0.8239,0.7527,0.9019,<.0001,2007
16,IL,Illinois,5969,23.60709091,24.43784498,23.68906014,1.0657,0.8053,1.4104,0.6485,2007
17,WA,Washington,1552,23.7129861,24.39269993,23.71134021,0.7424,0.6688,0.824,<.0001,2007
18,MO,Missouri,1722,23.77373658,23.7671202,23.17073171,0.7128,0.6218,0.8172,<.0001,2007
19,NV,Nevada,1081,23.78085639,31.04546411,30.24976873,0.9612,0.8473,1.0905,0.5301,2007
20,IA,Iowa,1028,24.15755781,20.01384461,19.84435798,1.2444,1.1475,1.3494,<.0001,2007
21,GA,Georgia,3772,24.69702397,22.87011156,23.22375398,1.1796,0.8869,1.5689,0.2485,2007
22,OR,Oregon,1086,24.75123063,25.74908975,26.24309392,1.1367,0.9309,1.388,0.2021,2007
23,CT,Connecticut,1609,25.18779822,23.28848748,24.17650715,1.195,1.0996,1.2987,0.0001,2007
24,IN,Indiana,2534,25.31726283,22.93445814,23.91475927,0.9552,0.8244,1.1069,0.5332,2007
25,ME,Maine,194,25.36446152,22.58944273,24.22680412,1.3101,1.2361,1.3886,<.0001,2007
26,WY,Wyoming,31,25.81165986,21.41349011,29.03225807,0.7165,0.6598,0.7782,<.0001,2007
27,NH,New Hampshire,521,26.16661804,25.22946617,27.63915547,0.8306,0.7222,0.9552,0.0106,2007
28,CA,California,13117,26.16838506,26.48909946,28.50499352,1.0287,0.889,1.1903,0.6972,2007
29,AR,Arkansas,844,26.27301902,21.89312182,23.93364929,1.3322,0.9326,1.9031,0.1118,2007
30,WV,West Virginia,1182,26.9206635,26.1751173,29.27241963,1.1989,1.062,1.3535,0.0044,2007
31,NJ,New Jersey,4023,27.00169148,24.96319978,27.79020631,0.9547,0.6345,1.4365,0.8198,2007
32,NE,Nebraska,174,27.02380006,23.06434205,27.5862069,1.2364,1.1,1.3898,0.0007,2007
33,SC,South Carolina,1853,27.30796025,20.11356379,22.77388019,0.9427,0.8838,1.0056,0.0723,2007
34,TN,Tennessee,1925,27.69305992,21.71046794,24.93506494,0.6779,0.5327,0.8627,0.0023,2007
35,NC,North Carolina,4499,27.8276725,21.81806986,25.05001111,0.9423,0.8539,1.04,0.2303,2007
36,VT,Vermont,313,27.84433401,30.00311671,36.10223642,1.3059,1.0346,1.6484,0.0258,2007
37,NY,New York,9573,28.29678191,26.36164363,30.71137574,0.9581,0.8418,1.0905,0.5075,2007
38,MA,Massachusetts,2459,28.76860096,24.45173412,29.15819439,0.8055,0.7008,0.9258,0.0032,2007
39,RI,Rhode Island,69,28.8420748,22.05348456,34.7826087,1.1973,1.0412,1.3768,0.0129,2007
40,HI,Hawaii,416,29.71191852,18.72496076,24.51923077,1.0988,0.7385,1.6349,0.6342,2007
1,UT,Utah,1282,15.98695292,24.63522439,15.67862715,1.2625,1.1152,1.4292,0.0005,2008
2,MI,Michigan,4715,17.89866528,22.45604655,16.45811241,0.7194,0.6452,0.8022,<.0001,2008
3,IA,Iowa,878,19.46044966,20.12673314,15.71753986,1.0595,1.0063,1.1156,0.0287,2008
4,CO,Colorado,1763,19.50204722,25.54862096,20.30629609,0.6937,0.608,0.7914,<.0001,2008
5,SD,South Dakota,61,19.64155381,18.49491944,9.836065574,0.7315,0.6419,0.8336,<.0001,2008
6,AZ,Arizona,2681,19.87502813,24.97860108,20.32823573,0.8505,0.8028,0.9011,<.0001,2008
7,OR,Oregon,1487,20.05654269,22.96440153,18.76260928,1.0014,0.9172,1.0933,0.9747,2008
8,CT,Connecticut,1718,20.14564278,26.17897072,21.53667055,1.1774,0.9129,1.5186,0.2022,2008
9,MO,Missouri,3424,20.37616455,24.83185559,20.76518692,0.717,0.5917,0.8688,0.0011,2008
10,MN,Minnesota,1745,20.4000386,22.4935993,18.73925501,0.9375,0.8733,1.0064,0.0733,2008
11,WA,Washington,2457,20.79100629,22.35029655,19.04761905,1.008,0.9079,1.1192,0.8782,2008
12,OH,Ohio,4919,21.08231462,24.01148841,20.81723928,1.3656,1.0885,1.7133,0.0083,2008
13,MD,Maryland,5442,21.91974011,24.92812489,22.49173098,1.2032,1.0483,1.3809,0.0097,2008
14,ME,Maine,148,21.956064,23.67670428,20.27027027,1.0697,0.9346,1.2243,0.3196,2008
15,FL,Florida,11818,22.06319054,25.44042498,23.1257404,1.301,1.181,1.4331,<.0001,2008
16,PA,Pennsylvania,5877,22.648348,25.27990797,23.58346095,0.8411,0.7772,0.9101,<.0001,2008
17,NV,Nevada,1387,23.08506724,31.74564684,30.1369863,0.8595,0.6073,1.2165,0.3839,2008
18,TX,Texas,10794,23.10503949,24.35232468,23.1888086,0.6259,0.572,0.6849,<.0001,2008
19,WI,Wisconsin,1932,23.18342772,22.08454052,21.06625259,0.7594,0.6636,0.8691,0.0002,2008
20,IL,Illinois,6195,23.33993822,27.00335666,25.97255852,0.7501,0.6807,0.8266,<.0001,2008
21,TN,Tennessee,4966,23.86773053,22.5981377,22.23117197,1.1677,1.0698,1.2746,0.0009,2008
22,GA,Georgia,4101,24.27513223,23.17003876,23.18946598,1.1084,0.8954,1.3719,0.3358,2008
23,IN,Indiana,2628,24.37045297,24.08302488,24.20091324,1.308,0.9944,1.7205,0.0547,2008
24,CA,California,15325,25.06154035,25.97714939,26.84502447,1.1985,1.0965,1.3101,0.0002,2008
25,LA,Louisiana,1474,25.33939987,21.64019149,22.65943012,0.9101,0.7973,1.0389,0.1582,2008
26,NE,Nebraska,472,25.766724,26.09239664,27.9661017,1.4937,1.4034,1.5898,<.0001,2008
27,HI,Hawaii,341,26.52772001,24.70693372,27.56598241,0.7941,0.7308,0.8629,<.0001,2008
28,NC,North Carolina,3731,26.70765029,22.71624005,25.06030555,1.4821,1.3132,1.6727,<.0001,2008
29,NJ,New Jersey,3442,26.87960339,25.84774273,28.70424172,0.7434,0.6442,0.8579,0.0001,2008
30,KY,Kentucky,1370,26.99350419,23.60504253,26.42335766,0.8938,0.8299,0.9626,0.0039,2008
31,SC,South Carolina,2667,27.7274057,20.55416604,23.58455193,1.7274,1.241,2.4045,0.0018,2008
32,AR,Arkansas,1731,27.95706385,21.7198402,25.18775274,1.2294,1.1098,1.3619,0.0002,2008
33,NH,New Hampshire,245,28.1972539,26.66578895,32.24489796,0.7588,0.4783,1.2039,0.2341,2008
34,MA,Massachusetts,2815,28.23123018,24.66117034,28.80994671,0.9742,0.8985,1.0564,0.5186,2008
35,VT,Vermont,63,28.96141685,21.18579108,30.15873016,0.9202,0.8669,0.9768,0.0075,2008
36,VA,Virginia,2574,29.28701805,22.82792065,27.7000777,0.5323,0.4536,0.6247,<.0001,2008
37,KS,Kansas,452,29.47350339,19.74698857,24.77876106,1.3622,1.2319,1.5062,<.0001,2008
38,NY,New York,7770,30.01729402,27.20966053,33.73230373,1.3094,0.8533,2.0093,0.2107,2008
39,WV,West Virginia,990,30.04994143,25.8932783,32.52525253,0.7874,0.7026,0.8823,0.0001,2008
40,OK,Oklahoma,1681,30.35752048,23.7427843,29.98215348,0.9304,0.8219,1.0532,0.2468,2008
41,WY,Wyoming,45,31.48274058,23.39251328,42.22222222,1.4748,1.2683,1.7149,<.0001,2008
42,RI,Rhode Island,160,34.40407281,17.97273346,29.375,1.5994,1.0089,2.5355,0.0459,2008
1,AZ,Arizona,2657,15.29629245,22.67560543,15.12984569,1.2531,1.0634,1.4766,0.0082,2009
2,CO,Colorado,2122,17.36191672,24.4588447,18.66163996,0.5531,0.4916,0.6222,<.0001,2009
3,OR,Oregon,1818,17.71526345,23.69999926,18.42684268,1.1243,1.0707,1.1805,<.0001,2009
4,MN,Minnesota,1602,17.88877875,18.84055663,14.73158552,0.6639,0.5878,0.7499,<.0001,2009
5,WA,Washington,1918,18.65160419,19.60839159,16.1105318,1.2005,1.0617,1.3575,0.0045,2009
6,KY,Kentucky,2867,19.02995664,20.74683353,17.50959191,0.8674,0.8173,0.9206,<.0001,2009
7,MD,Maryland,3886,19.0965172,20.8250658,17.67884714,0.9531,0.8769,1.0358,0.2508,2009
8,OH,Ohio,7301,19.40277992,24.35134056,21.07930421,0.9005,0.6772,1.1973,0.4622,2009
9,NE,Nebraska,519,20.40354379,21.19944389,18.88246628,1.0144,0.8595,1.1972,0.8629,2009
10,IN,Indiana,3333,20.42164483,21.62759771,19.6819682,0.9056,0.8405,0.9756,0.0103,2009
11,TX,Texas,11735,20.42618921,22.47212737,20.51129101,0.8658,0.7845,0.9555,0.0052,2009
12,FL,Florida,10863,20.53941303,23.90109266,21.93684986,0.908,0.7789,1.0584,0.2108,2009
13,MI,Michigan,3804,20.76246132,19.72784112,18.27024185,0.7785,0.6981,0.8682,<.0001,2009
14,IL,Illinois,6012,21.05104685,23.39986432,22.00598802,1.1633,1.0215,1.3246,0.0236,2009
15,KS,Kansas,1179,21.05920913,22.2097449,20.78032231,1.2489,1.1143,1.3997,0.0003,2009
16,HI,Hawaii,254,21.11856804,23.67724001,21.65354331,0.7803,0.709,0.8589,<.0001,2009
17,NH,New Hampshire,447,21.46352832,24.04572378,22.81879195,1.1072,0.7916,1.5486,0.5438,2009
18,GA,Georgia,4716,21.7231368,22.6253452,21.9677693,0.8922,0.8114,0.9811,0.0198,2009
19,TN,Tennessee,3693,22.05315201,20.35016378,20.06498782,0.7267,0.6285,0.8404,<.0001,2009
20,MO,Missouri,2885,22.06322349,22.80697886,22.49566724,0.9783,0.8836,1.0831,0.6654,2009
21,PA,Pennsylvania,5438,22.43901213,22.33097722,22.41632953,1.0553,0.8077,1.3787,0.6867,2009
22,UT,Utah,335,22.47650564,19.25824096,19.40298508,1.1104,1.0281,1.1993,0.0089,2009
23,IA,Iowa,1102,22.57857508,16.59957257,16.7876588,0.8695,0.6997,1.0804,0.201,2009
24,MT,Montana,290,23.11697254,20.3646276,21.37931035,0.9332,0.7457,1.1678,0.5373,2009
25,NV,Nevada,1288,23.33130828,28.83416176,30.20186335,1.1912,1.097,1.2935,0.0001,2009
26,VA,Virginia,4337,23.5340947,22.57104036,23.79525017,1.7725,1.2905,2.4345,0.0007,2009
27,WI,Wisconsin,1936,23.68182116,19.81747744,21.07438017,1.0846,0.9464,1.2429,0.236,2009
28,SD,South Dakota,152,23.71584272,20.12567538,22.36842105,1.2081,1.137,1.2837,<.0001,2009
29,NC,North Carolina,5260,23.87347663,21.95389545,23.47908745,0.7903,0.7369,0.8475,<.0001,2009
30,CA,California,17467,23.91986932,24.41486666,26.13499742,1.2132,1.0991,1.3392,0.0003,2009
31,ME,Maine,139,24.0969936,16.17804014,18.70503597,0.6893,0.605,0.7854,<.0001,2009
32,WY,Wyoming,68,24.30781904,18.59731604,23.52941177,1.0059,0.9315,1.0863,0.8773,2009
33,LA,Louisiana,1528,24.58578666,21.74334499,24.08376963,1.1931,0.9806,1.4517,0.0765,2009
34,NJ,New Jersey,4162,24.7560621,24.21330158,26.88611245,1.4884,1.3074,1.6945,<.0001,2009
35,RI,Rhode Island,559,24.83394743,23.66382005,26.83363149,1.0936,0.7943,1.5057,0.5755,2009
36,CT,Connecticut,1666,24.8402502,24.35421554,27.25090036,0.9789,0.8915,1.0748,0.6477,2009
37,NY,New York,9098,24.97835905,23.3411353,26.11562981,0.8642,0.8152,0.9161,<.0001,2009
38,OK,Oklahoma,2998,25.10888246,21.07525943,23.78252168,1.0079,0.7831,1.2972,0.9503,2009
39,VT,Vermont,19,25.22209329,18.08513974,36.84210526,1.0896,1.002,1.1848,0.045,2009
40,AR,Arkansas,906,25.45176137,22.69531691,26.26931567,1.1979,0.7662,1.8729,0.4196,2009
41,MA,Massachusetts,2073,25.50119271,22.08126434,25.37385432,0.7586,0.6638,0.8669,0.0001,2009
42,WV,West Virginia,752,27.12568773,19.37514552,24.20212766,1.0951,0.9687,1.2379,0.1427,2009
43,SC,South Carolina,1526,28.59356285,19.47527509,25.3604194,1.3515,1.1322,1.6132,0.0013,2009
44,NM,New Mexico,147,33.29734971,15.11800363,29.25170068,1.1389,0.7716,1.681,0.5041,2009
1,AZ,Arizona,2639,13.20812113,22.38383493,13.64153088,1.079,0.6561,1.7745,0.7595,2010
2,UT,Utah,1489,13.53055753,18.42601154,11.28274009,1.2484,1.0686,1.4585,0.0062,2010
3,OH,Ohio,7318,14.27891414,21.66722437,14.52582673,0.4796,0.4235,0.5431,<.0001,2010
4,CO,Colorado,1947,15.07045558,20.77408737,14.48382126,1.113,1.0608,1.1679,<.0001,2010
5,IN,Indiana,4603,17.40968977,22.06180668,18.07516837,0.5992,0.5219,0.688,<.0001,2010
6,WA,Washington,2394,18.08345844,20.90989158,17.75271512,0.8522,0.7609,0.9545,0.0067,2010
7,MN,Minnesota,1650,18.24051256,21.21348407,18.12121212,0.9255,0.8705,0.9839,0.0143,2010
8,OR,Oregon,1442,18.32765646,20.62827379,17.68377254,1.107,1.0205,1.2009,0.0155,2010
9,MI,Michigan,4990,18.35384049,19.76378102,17.09418838,0.8089,0.6438,1.0164,0.0679,2010
10,HI,Hawaii,564,18.59070201,20.68901543,17.73049645,0.8826,0.7521,1.0358,0.123,2010
11,CT,Connecticut,2497,19.09623432,21.24720508,19.10292351,0.8597,0.7984,0.9257,0.0002,2010
12,IL,Illinois,6345,19.3000532,23.28337467,21.21355398,0.7327,0.6704,0.8007,<.0001,2010
13,IA,Iowa,1247,19.41189215,18.13363541,16.51964715,1.0133,0.8648,1.1872,0.8675,2010
14,TN,Tennessee,4119,19.82215521,19.5932921,18.32969167,1.0369,0.9396,1.1442,0.4627,2010
15,PA,Pennsylvania,9261,20.0673983,21.92356124,20.78609222,1.2594,1.1055,1.4347,0.0009,2010
16,FL,Florida,10514,20.21166527,22.55707208,21.54270497,1.247,1.126,1.381,<.0001,2010
17,TX,Texas,11125,20.50088576,21.37621882,20.71011236,1.0228,0.9336,1.1204,0.6214,2010
18,NE,Nebraska,372,20.85134579,22.71107227,22.31182796,1.2681,0.8927,1.8014,0.1796,2010
19,MO,Missouri,3538,21.17681524,21.23215668,21.2549463,0.8024,0.7355,0.8755,<.0001,2010
20,KS,Kansas,1149,21.33281485,20.09551855,20.27850305,0.7915,0.6883,0.9101,0.0015,2010
21,WI,Wisconsin,2911,21.34239829,18.34757535,18.51597389,1.0017,0.9111,1.1012,0.9714,2010
22,MD,Maryland,4036,21.44550406,20.59716664,20.88701685,1.6345,1.4415,1.8532,<.0001,2010
23,VA,Virginia,5994,21.63010343,21.00879385,21.48815482,1.1856,0.9189,1.5296,0.185,2010
24,KY,Kentucky,3256,21.64470331,20.33864006,20.82309582,1.1178,1.0394,1.202,0.0035,2010
25,SC,South Carolina,1483,22.01054345,21.72294663,22.6567768,0.9774,0.7639,1.2507,0.8529,2010
26,NM,New Mexico,502,22.23408017,21.23577586,22.50996016,1.2156,1.1249,1.3135,<.0001,2010
27,AK,Alaska,34,22.45575104,14.09680975,17.64705882,1.0831,0.8688,1.3502,0.4696,2010
28,GA,Georgia,5133,22.51239653,20.06028353,21.37151763,1.1587,1.0437,1.2864,0.0068,2010
29,CA,California,19992,22.57924591,21.16251824,22.59403762,1.4397,1.36,1.5241,<.0001,2010
30,RI,Rhode Island,391,22.68438315,24.69703688,26.85421995,0.5465,0.5056,0.5907,<.0001,2010
31,NC,North Carolina,6301,22.71395445,20.61455825,22.15521346,1.5038,1.3528,1.6716,<.0001,2010
32,NV,Nevada,2403,23.00231923,25.65115925,27.9650437,0.7979,0.6868,0.9269,0.004,2010
33,MT,Montana,375,23.70835465,17.59781082,20.26666667,0.9209,0.8639,0.9817,0.0127,2010
34,NJ,New Jersey,5279,23.74923394,21.69356245,24.39856033,1.1287,0.8913,1.4292,0.3071,2010
35,MA,Massachusetts,2736,24.20137386,21.19309864,24.34210526,1.0703,0.9303,1.2314,0.3339,2010
36,AR,Arkansas,1135,24.3241877,19.25889087,22.37885463,1.2651,0.7719,2.0735,0.3426,2010
37,LA,Louisiana,1716,24.63599068,18.17629144,21.32867133,0.9039,0.824,0.9916,0.0331,2010
38,ME,Maine,141,24.8449297,18.20735234,23.40425532,0.9506,0.8956,1.009,0.0936,2010
39,SD,South Dakota,37,24.8710763,14.20406985,24.32432432,0.5359,0.4537,0.633,<.0001,2010
40,VT,Vermont,388,25.12840649,27.80805131,34.02061856,1.0367,0.9614,1.1179,0.3405,2010
41,NY,New York,10395,26.15074254,22.70533848,28.10966811,1.377,1.0993,1.7249,0.0064,2010
42,WY,Wyoming,73,26.1737098,15.86446196,24.65753425,0.7847,0.6972,0.8831,0.0002,2010
43,WV,West Virginia,1204,26.35919712,19.04743181,24.08637874,1.0137,0.9103,1.1288,0.8005,2010
44,OK,Oklahoma,2417,27.23830727,19.73300191,25.61026065,1.425,1.2283,1.6533,<.0001,2010
45,MS,Mississippi,1626,28.83006923,18.86806739,26.07626076,1.358,0.8867,2.08,0.155,2010
1,SD,South Dakota,339,12.21198785,25.75896317,13.27433628,1.1388,0.6871,1.8876,0.6067,2011
2,AZ,Arizona,4245,12.33042576,19.34585875,11.91990577,1.0992,0.9546,1.2657,0.1835,2011
3,IA,Iowa,1161,14.85133003,15.47664407,11.2833764,0.4927,0.4433,0.5477,<.0001,2011
4,UT,Utah,1414,15.17166756,18.10854883,13.64922207,1.0499,1.0026,1.0994,0.0391,2011
5,WI,Wisconsin,3523,15.48393751,17.51154748,13.65313653,0.7019,0.6341,0.7769,<.0001,2011
6,CO,Colorado,3699,15.61620548,19.90958886,15.67991349,1.0625,0.9457,1.1939,0.2998,2011
7,OH,Ohio,7052,15.77597416,19.67747867,15.71185479,0.9294,0.876,0.986,0.0165,2011
8,MI,Michigan,6174,16.29256189,18.38369035,15.16034985,1.0179,0.9397,1.1026,0.6568,2011
9,WA,Washington,2176,16.89327485,17.49596375,14.88970588,0.6804,0.5646,0.8199,0.0001,2011
10,OR,Oregon,1936,17.97819165,19.66516798,17.87190083,0.8801,0.8216,0.9427,0.0005,2011
11,IL,Illinois,8196,18.15553118,20.15616579,18.57003416,0.921,0.8487,0.9994,0.0484,2011
12,TX,Texas,15843,18.41594501,20.14986005,18.84112857,0.9313,0.8207,1.0569,0.2629,2011
13,WV,West Virginia,2189,18.52476343,18.79347794,17.63362266,1.1461,1.0279,1.278,0.0153,2011
14,TN,Tennessee,5367,18.65955889,19.44166066,18.40879449,1.1374,1.0149,1.2748,0.0277,2011
15,IN,Indiana,5595,18.69252381,19.23734345,18.2484361,1.6008,1.4336,1.7874,<.0001,2011
16,KS,Kansas,2096,18.79194539,18.48526641,17.60496183,1.1302,1.0423,1.2255,0.0039,2011
17,FL,Florida,11433,18.82557943,21.30147388,20.36210968,1.0126,0.7711,1.3299,0.9265,2011
18,MN,Minnesota,2352,19.07856892,18.62721348,18.02721088,0.7549,0.6957,0.8191,<.0001,2011
19,PA,Pennsylvania,9648,19.79725113,20.27273404,20.38764511,0.9523,0.8447,1.0736,0.4156,2011
20,ME,Maine,344,19.85471484,17.53977989,17.73255814,1.0412,0.9663,1.1219,0.2817,2011
21,GA,Georgia,5735,19.90761497,18.75712923,18.97122929,1.4587,1.2932,1.6453,<.0001,2011
22,NV,Nevada,1086,20.12939317,24.99265224,25.5985267,1.3271,0.8829,1.9948,0.1687,2011
23,MO,Missouri,6128,20.1747573,21.1232865,21.65469974,1.0979,1.0184,1.1835,0.016,2011
24,CA,California,23580,20.29352285,19.66704227,20.27565734,1.2533,0.9184,1.7102,0.1504,2011
25,NM,New Mexico,1091,20.41454141,21.50508534,22.36480293,1.1033,0.8011,1.5195,0.5393,2011
26,CT,Connecticut,2286,20.46472589,19.32734376,20.12248469,1.2889,1.1867,1.3998,<.0001,2011
27,VT,Vermont,446,20.88932996,25.72654723,27.57847534,1.0616,0.9055,1.2445,0.4531,2011
28,AR,Arkansas,1622,20.92053458,17.39806912,18.55733662,1.0412,0.8904,1.2175,0.6056,2011
29,NC,North Carolina,6220,20.93080335,18.43165579,19.61414791,1.3959,1.3253,1.4702,<.0001,2011
30,NE,Nebraska,218,21.03041786,17.1069938,18.80733945,0.7129,0.6603,0.7697,<.0001,2011
31,VA,Virginia,6420,21.09267444,19.52001422,20.93457944,1.2555,1.1199,1.4075,0.0002,2011
32,MD,Maryland,5439,21.28672431,17.96542307,19.45210517,0.8677,0.7614,0.989,0.0341,2011
33,LA,Louisiana,2402,21.42129615,18.68961262,20.39966694,1.0091,0.9474,1.0748,0.7734,2011
34,KY,Kentucky,2682,21.51751458,17.9909237,19.7240865,1.2647,1.0762,1.4862,0.0053,2011
35,AK,Alaska,44,21.9180244,9.112402006,13.63636364,1.2966,1.1712,1.4353,<.0001,2011
36,RI,Rhode Island,961,22.51436953,23.22279315,26.84703434,0.4603,0.3459,0.6126,<.0001,2011
37,ND,North Dakota,217,22.65849525,18.95142285,23.04147465,0.9195,0.8469,0.9984,0.0459,2011
38,OK,Oklahoma,2431,22.76298462,17.37226443,20.19744961,0.8978,0.8509,0.9472,0.0002,2011
39,NJ,New Jersey,4397,22.84881703,21.809677,25.38094155,0.6932,0.5907,0.8135,<.0001,2011
40,SC,South Carolina,3217,23.3068746,16.35605496,19.45912341,1.118,1.0384,1.2038,0.0039,2011
41,MT,Montana,107,23.6588283,14.5081136,20.56074766,1.1116,0.8892,1.3898,0.3447,2011
42,NY,New York,13829,23.95285288,21.62198194,26.33596066,0.7964,0.6985,0.908,0.0011,2011
43,MS,Mississippi,1910,25.00547647,18.44744371,23.66492147,0.6993,0.6269,0.78,<.0001,2011
44,MA,Massachusetts,2118,25.68241777,22.38256955,29.46175637,0.9105,0.8042,1.0309,0.1353,2011
45,WY,Wyoming,59,31.97925141,12.87629317,33.89830509,1.912,1.2324,2.9665,0.0048,2011
